index,smiles,filename,label,group
0,C[As](C)(O)=S,0.png,301,train
1,C[As+](C)(C)CC[O-],1.png,338,train
2,C[As](I)I,2.png,83,train
3,NC1=CC=C(C=C1)[As]=O,3.png,129,train
4,OC1=CC=C(C=C1)[As](O)(O)=O,4.png,498,train
5,O[As](O)O,5.png,156,train
6,NC1=CC=CC=C1[As](O)(O)=O,6.png,429,train
7,O[As](O)(=O)C1=CC=C(C=C1)[N+]([O-])=O,7.png,499,train
8,NC1=NC(NC2=CC=C(C=C2)[As]=O)=NC(N)=N1,8.png,554,train
9,C[As+](C)(C)CC([O-])=O,9.png,80,train
10,C[As](C)(O)=O,10.png,134,train
11,CC[As](CC)CC,11.png,79,train
12,O[As](O)(O)=O,12.png,409,train
13,O[As](O)(=O)C1=CC=CC=C1[N+]([O-])=O,13.png,416,train
14,NC1=NC(NC2=CC=C(C=C2)[As]3SCC(CO)S3)=NC(N)=N1,14.png,562,train
15,C[As](O)(O)=O,15.png,376,train
16,OCC(=O)NC1=CC=C(C=C1)[As](O)(O)=O,16.png,432,train
17,O[As](O)(=O)C1=CC=CC=C1,17.png,418,train
18,NC1=CC=C(C=C1)[As](O)(O)=O,18.png,399,test
19,O=[As]C1=CC=CC=C1,19.png,141,test
20,C[As](C)(S)=S,20.png,520,test
21,C[As](C)(C)=O,21.png,79,test
