index,smiles,filename,label,group
0,NC1=CC=C(C=C1)[As](O)(O)=O,1.png,399,train
1,C[As](C)(O)=S,21.png,301,train
2,C[As+](C)(C)CC[O-],11.png,338,train
3,C[As](I)I,19.png,83,train
4,NC1=CC=C(C=C1)[As]=O,8.png,129,train
5,OC1=CC=C(C=C1)[As](O)(O)=O,6.png,498,train
6,O[As](O)O,16.png,156,train
7,O=[As]C1=CC=CC=C1,4.png,141,train
8,C[As](C)(S)=S,2.png,520,train
9,NC1=CC=CC=C1[As](O)(O)=O,5.png,429,train
10,O[As](O)(=O)C1=CC=C(C=C1)[N+]([O-])=O,17.png,499,train
11,NC1=NC(NC2=CC=C(C=C2)[As]=O)=NC(N)=N1,9.png,554,train
12,C[As+](C)(C)CC([O-])=O,7.png,80,train
13,C[As](C)(O)=O,18.png,134,train
14,CC[As](CC)CC,3.png,79,train
15,O[As](O)(O)=O,0.png,409,train
16,O[As](O)(=O)C1=CC=CC=C1[N+]([O-])=O,15.png,416,train
17,NC1=NC(NC2=CC=C(C=C2)[As]2SCC(CO)S2)=NC(N)=N1,12.png,562,train
18,C[As](O)(O)=O,20.png,376,test
19,OCC(=O)NC1=CC=C(C=C1)[As](O)(O)=O,10.png,432,test
20,O[As](O)(=O)C1=CC=CC=C1,14.png,418,test
21,C[As](C)(C)=O,13.png,79,test
