index,smiles,filename,label,group
0,O[As](O)O,0.png,156,train
1,NC1=NC(NC2=CC=C(C=C2)[As]=O)=NC(N)=N1,1.png,554,train
2,O[As](O)(O)=O,2.png,409,train
3,C[As+](C)(C)CC[O-],3.png,338,train
4,NC1=CC=C(C=C1)[As]=O,4.png,129,train
5,NC1=NC(NC2=CC=C(C=C2)[As]2SCC(CO)S2)=NC(N)=N1,5.png,562,train
6,O[As](O)(=O)C1=CC=CC=C1[N+]([O-])=O,6.png,416,train
7,C[As](C)(C)=O,7.png,79,train
8,C[As](C)(O)=O,8.png,134,train
9,O=[As]C1=CC=CC=C1,9.png,141,train
10,C[As+](C)(C)CC([O-])=O,10.png,80,train
11,O[As](O)(=O)C1=CC=C(C=C1)[N+]([O-])=O,11.png,499,train
12,NC1=CC=CC=C1[As](O)(O)=O,12.png,429,train
13,C[As](O)(O)=O,13.png,376,train
14,C[As](C)(S)=S,14.png,520,train
15,C[As](C)(O)=S,15.png,301,train
16,OC1=CC=C(C=C1)[As](O)(O)=O,16.png,498,train
17,CC[As](CC)CC,17.png,79,train
18,O[As](O)(=O)C1=CC=CC=C1,18.png,418,test
19,OCC(=O)NC1=CC=C(C=C1)[As](O)(O)=O,19.png,432,test
20,NC1=CC=C(C=C1)[As](O)(O)=O,20.png,399,test
21,C[As](I)I,21.png,83,test
