index,smiles,filename,label,group
0,NC1=CC=C(C=C1)[As](O)(O)=O,0.png,399,train
1,C[As](C)(O)=S,1.png,301,train
2,C[As+](C)(C)CC[O-],2.png,338,train
3,C[As](I)I,3.png,83,train
4,NC1=CC=C(C=C1)[As]=O,4.png,129,train
5,OC1=CC=C(C=C1)[As](O)(O)=O,5.png,498,train
6,O[As](O)O,6.png,156,train
7,C[As](C)(S)=S,7.png,520,train
8,NC1=CC=CC=C1[As](O)(O)=O,8.png,429,train
9,O[As](O)(=O)C1=CC=C(C=C1)[N+]([O-])=O,9.png,499,train
10,C[As+](C)(C)CC([O-])=O,10.png,80,train
11,CC[As](CC)CC,11.png,79,train
12,O[As](O)(O)=O,12.png,409,train
13,O[As](O)(=O)C1=CC=CC=C1[N+]([O-])=O,13.png,416,train
14,NC1=NC(NC2=CC=C(C=C2)[As]3SCC(CO)S3)=NC(N)=N1,14.png,562,train
15,OCC(=O)NC1=CC=C(C=C1)[As](O)(O)=O,15.png,432,train
16,O[As](O)(=O)C1=CC=CC=C1,16.png,418,train
17,C[As](C)(C)=O,17.png,79,train
18,O=[As]C1=CC=CC=C1,18.png,141,test
19,NC1=NC(NC2=CC=C(C=C2)[As]=O)=NC(N)=N1,19.png,554,test
20,C[As](C)(O)=O,20.png,134,test
21,C[As](O)(O)=O,21.png,376,test
